{"PrefabName":"BoxPrefab","Pos":{"x":-23.489999771118165,"y":0.5,"z":-15.6899995803833},"Scale":{"x":1.0,"y":1.0,"z":1.0},"Rot":{"x":0.0,"y":0.0,"z":0.0,"w":1.0}}
{"PrefabName":"BoxPrefab","Pos":{"x":-24.34000015258789,"y":1.5,"z":-15.720000267028809},"Scale":{"x":1.0,"y":1.0,"z":1.0},"Rot":{"x":0.0,"y":0.0,"z":0.0,"w":1.0}}
{"PrefabName":"BoxPrefab","Pos":{"x":-25.219999313354493,"y":0.5,"z":-15.710000038146973},"Scale":{"x":1.0,"y":1.0,"z":1.0},"Rot":{"x":0.0,"y":0.0,"z":0.0,"w":1.0}}
{"PrefabName":"BoxPrefab","Pos":{"x":-26.049999237060548,"y":1.5,"z":-15.720000267028809},"Scale":{"x":1.0,"y":1.0,"z":1.0},"Rot":{"x":0.0,"y":0.0,"z":0.0,"w":1.0}}
{"PrefabName":"BoxPrefab","Pos":{"x":-25.190000534057618,"y":2.5,"z":-15.720000267028809},"Scale":{"x":1.0,"y":1.0,"z":1.0},"Rot":{"x":0.0,"y":0.0,"z":0.0,"w":1.0}}
{"PrefabName":"SpherePrefab","Pos":{"x":-25.16699981689453,"y":3.5,"z":-15.694000244140625},"Scale":{"x":1.0,"y":1.0,"z":1.0},"Rot":{"x":0.0,"y":0.0,"z":0.0,"w":1.0}}
{"PrefabName":"SpherePrefab","Pos":{"x":-28.889999389648439,"y":0.5,"z":-15.119999885559082},"Scale":{"x":1.0,"y":1.0,"z":1.0},"Rot":{"x":0.0,"y":0.0,"z":0.0,"w":1.0}}
{"PrefabName":"BoxPrefab","Pos":{"x":-26.899999618530275,"y":0.5,"z":-15.6899995803833},"Scale":{"x":1.0,"y":1.0,"z":1.0},"Rot":{"x":0.0,"y":0.0,"z":0.0,"w":1.0}}
{"PrefabName":"SpherePrefab","Pos":{"x":-20.34000015258789,"y":0.5,"z":-15.149999618530274},"Scale":{"x":1.0,"y":1.0,"z":1.0},"Rot":{"x":0.0,"y":0.0,"z":0.0,"w":1.0}}
