{"cameraMode":{"drawMode":0,"name":"Shaded","section":"Shading Mode"},"sceneLighting":false,"audioPlay":false,"sceneViewState":{"showFog":true,"showMaterialUpdate":false,"showSkybox":true,"showFlares":true,"showImageEffects":true,"showParticleSystems":true},"in2DMode":false,"pivot":{"x":-2.159000873565674,"y":-0.004114031791687012,"z":-0.049867212772369388},"rotation":{"x":-0.09714783728122711,"y":0.7238386869430542,"z":-0.10416164994239807,"w":-0.6751075983047485},"size":5.303656578063965,"orthographic":false}