{"cameraMode":{"drawMode":0,"name":"Shaded","section":"Shading Mode"},"sceneLighting":false,"audioPlay":false,"sceneViewState":{"showFog":true,"showMaterialUpdate":false,"showSkybox":true,"showFlares":true,"showImageEffects":true,"showParticleSystems":true},"in2DMode":false,"pivot":{"x":-0.20875054597854615,"y":0.30072021484375,"z":2.3782379627227785},"rotation":{"x":0.11102189123630524,"y":-0.049491316080093387,"z":0.005536961369216442,"w":0.9925694465637207},"size":4.883553981781006,"orthographic":false}