{"cameraMode":{"drawMode":0,"name":"Shaded","section":"Shading Mode"},"sceneLighting":true,"audioPlay":false,"sceneViewState":{"showFog":true,"showMaterialUpdate":false,"showSkybox":true,"showFlares":true,"showImageEffects":true,"showParticleSystems":true},"in2DMode":false,"pivot":{"x":-28.023456573486329,"y":1.8154573440551758,"z":-12.280176162719727},"rotation":{"x":-0.17550063133239747,"y":-0.8177079558372498,"z":0.325088769197464,"w":-0.44144144654273989},"size":17.196706771850587,"orthographic":false}