{"cameraMode":{"drawMode":0,"name":"Shaded","section":"Shading Mode"},"sceneLighting":false,"audioPlay":false,"sceneViewState":{"showFog":true,"showMaterialUpdate":false,"showSkybox":true,"showFlares":true,"showImageEffects":true,"showParticleSystems":true},"in2DMode":false,"pivot":{"x":-31.583385467529298,"y":1.2116622924804688,"z":-14.293292045593262},"rotation":{"x":-0.03517698124051094,"y":-0.9565961360931397,"z":0.13028545677661897,"w":-0.25828707218170168},"size":3.7416584491729738,"orthographic":false}