{"cameraMode":{"drawMode":0,"name":"Shaded","section":"Shading Mode"},"sceneLighting":false,"audioPlay":false,"sceneViewState":{"showFog":true,"showMaterialUpdate":false,"showSkybox":true,"showFlares":true,"showImageEffects":true,"showParticleSystems":true},"in2DMode":false,"pivot":{"x":-29.545000076293947,"y":0.5,"z":-13.892999649047852},"rotation":{"x":-0.018170418217778207,"y":-0.9782310128211975,"z":0.09752200543880463,"w":-0.18227297067642213},"size":2.8578836917877199,"orthographic":false}