{"cameraMode":{"drawMode":0,"name":"Shaded","section":"Shading Mode"},"sceneLighting":true,"audioPlay":false,"sceneViewState":{"showFog":true,"showMaterialUpdate":false,"showSkybox":true,"showFlares":true,"showImageEffects":true,"showParticleSystems":true},"in2DMode":false,"pivot":{"x":-0.6676802635192871,"y":0.5058879852294922,"z":-1.349684238433838},"rotation":{"x":-0.23719950020313264,"y":-0.5755981206893921,"z":0.17923061549663545,"w":-0.761773943901062},"size":0.20005187392234803,"orthographic":false}