{"cameraMode":{"drawMode":0,"name":"Shaded","section":"Shading Mode"},"sceneLighting":false,"audioPlay":false,"sceneViewState":{"showFog":true,"showMaterialUpdate":false,"showSkybox":true,"showFlares":true,"showImageEffects":true,"showParticleSystems":true},"in2DMode":false,"pivot":{"x":0.4853644371032715,"y":-0.5148681402206421,"z":0.9562886357307434},"rotation":{"x":-0.009222513996064663,"y":-0.9471861720085144,"z":0.027354085817933084,"w":-0.31938228011131289},"size":1.6539764404296876,"orthographic":false}