{"cameraMode":{"drawMode":0,"name":"Shaded","section":"Shading Mode"},"sceneLighting":true,"audioPlay":false,"sceneViewState":{"showFog":true,"showMaterialUpdate":false,"showSkybox":true,"showFlares":true,"showImageEffects":true,"showParticleSystems":true},"in2DMode":false,"pivot":{"x":14.454983711242676,"y":1.3347774744033814,"z":-20.138931274414064},"rotation":{"x":-0.09954503923654556,"y":0.7388219833374023,"z":-0.11193378269672394,"w":-0.6570416688919067},"size":3.5234360694885256,"orthographic":false}