{"cameraMode":{"drawMode":0,"name":"Shaded","section":"Shading Mode"},"sceneLighting":false,"audioPlay":false,"sceneViewState":{"showFog":true,"showMaterialUpdate":false,"showSkybox":true,"showFlares":true,"showImageEffects":true,"showParticleSystems":true},"in2DMode":false,"pivot":{"x":-0.2575529217720032,"y":0.5530913472175598,"z":-3.7603306770324709},"rotation":{"x":-0.001781901461072266,"y":0.995848536491394,"z":-0.08878441900014878,"w":-0.019996684044599534},"size":5.303656578063965,"orthographic":false}