{"cameraMode":{"drawMode":0,"name":"Shaded","section":"Shading Mode"},"sceneLighting":false,"audioPlay":false,"sceneViewState":{"showFog":true,"showMaterialUpdate":false,"showSkybox":true,"showFlares":true,"showImageEffects":true,"showParticleSystems":true},"in2DMode":false,"pivot":{"x":8.763745427131653e-7,"y":0.00048190727829933167,"z":0.09713146090507508},"rotation":{"x":0.14257894456386567,"y":-0.7565985321998596,"z":0.1758517324924469,"w":0.6134380102157593},"size":0.600231409072876,"orthographic":false}