{"cameraMode":{"drawMode":0,"name":"Shaded","section":"Shading Mode"},"sceneLighting":true,"audioPlay":false,"sceneViewState":{"showFog":true,"showMaterialUpdate":false,"showSkybox":true,"showFlares":true,"showImageEffects":true,"showParticleSystems":true},"in2DMode":false,"pivot":{"x":62.72169494628906,"y":-29.160629272460939,"z":-19.167579650878908},"rotation":{"x":-0.12356404960155487,"y":-0.7884653806686401,"z":0.16840091347694398,"w":-0.578528642654419},"size":75.25186920166016,"orthographic":false}