{"cameraMode":{"drawMode":0,"name":"Shaded","section":"Shading Mode"},"sceneLighting":true,"audioPlay":false,"sceneViewState":{"showFog":true,"showMaterialUpdate":false,"showSkybox":true,"showFlares":true,"showImageEffects":true,"showParticleSystems":true},"in2DMode":false,"pivot":{"x":-15.085997581481934,"y":1.9344778060913087,"z":-8.618094444274903},"rotation":{"x":0.19680410623550416,"y":0.4815882742404938,"z":-0.1119462326169014,"w":0.846645712852478},"size":5.388278484344482,"orthographic":false}