{"cameraMode":{"drawMode":0,"name":"Shaded","section":"Shading Mode"},"sceneLighting":true,"audioPlay":false,"sceneViewState":{"showFog":true,"showMaterialUpdate":false,"showSkybox":true,"showFlares":true,"showImageEffects":true,"showParticleSystems":true},"in2DMode":false,"pivot":{"x":-25.220888137817384,"y":6.638286590576172,"z":-10.219085693359375},"rotation":{"x":-0.051640380173921588,"y":-0.60373455286026,"z":0.039238091558218,"w":-0.7945427894592285},"size":17.196706771850587,"orthographic":false}