{"cameraMode":{"drawMode":0,"name":"Shaded","section":"Shading Mode"},"sceneLighting":false,"audioPlay":false,"sceneViewState":{"showFog":true,"showMaterialUpdate":false,"showSkybox":true,"showFlares":true,"showImageEffects":true,"showParticleSystems":true},"in2DMode":false,"pivot":{"x":-31.51599884033203,"y":0.5,"z":-9.510000228881836},"rotation":{"x":-0.018170418217778207,"y":-0.9782310128211975,"z":0.09752200543880463,"w":-0.18227297067642213},"size":2.857882022857666,"orthographic":false}