{"cameraMode":{"drawMode":0,"name":"Shaded","section":"Shading Mode"},"sceneLighting":false,"audioPlay":false,"sceneViewState":{"showFog":true,"showMaterialUpdate":false,"showSkybox":true,"showFlares":true,"showImageEffects":true,"showParticleSystems":true},"in2DMode":false,"pivot":{"x":0.41999998688697817,"y":0.9100000262260437,"z":0.21299999952316285},"rotation":{"x":-0.11830469220876694,"y":0.7563955783843994,"z":-0.1426462084054947,"w":-0.6273131370544434},"size":1.106853723526001,"orthographic":false}