{"cameraMode":{"drawMode":0,"name":"Shaded","section":"Shading Mode"},"sceneLighting":false,"audioPlay":false,"sceneViewState":{"showFog":true,"showMaterialUpdate":false,"showSkybox":true,"showFlares":true,"showImageEffects":true,"showParticleSystems":true},"in2DMode":false,"pivot":{"x":-3.8299994468688967,"y":4.76837158203125e-7,"z":2.4700002670288088},"rotation":{"x":0.12994512915611268,"y":-0.7881384491920471,"z":0.17823173105716706,"w":0.5746176838874817},"size":24.597061157226564,"orthographic":false}