{"cameraMode":{"drawMode":2,"name":"Shaded Wireframe","section":"Shading Mode"},"sceneLighting":false,"audioPlay":false,"sceneViewState":{"showFog":true,"showMaterialUpdate":false,"showSkybox":true,"showFlares":true,"showImageEffects":true,"showParticleSystems":true},"in2DMode":false,"pivot":{"x":10.917943000793457,"y":2.911020278930664,"z":1.5057806968688965},"rotation":{"x":-0.2040577381849289,"y":-0.6772246956825256,"z":0.2041853666305542,"w":-0.6767832040786743},"size":56.04643249511719,"orthographic":false}