{"cameraMode":{"drawMode":0,"name":"Shaded","section":"Shading Mode"},"sceneLighting":false,"audioPlay":false,"sceneViewState":{"showFog":true,"showMaterialUpdate":false,"showSkybox":true,"showFlares":true,"showImageEffects":true,"showParticleSystems":true},"in2DMode":false,"pivot":{"x":7.301568984985352e-7,"y":0.0004015900194644928,"z":0.08094286918640137},"rotation":{"x":0.03316173702478409,"y":-0.824591875076294,"z":0.048597659915685657,"w":0.5626605749130249},"size":0.5001928210258484,"orthographic":false}